,mean_zero,sd_zero,mean_orthog,sd_orthog,mean_eval,sd_eval
0,61.0,1.3693063937629153,63.5,1.3693063937629153,66.0,1.3693063937629153
