,mean_zero,sd_zero,mean_orthog,sd_orthog,mean_eval,sd_eval
0,61.0,1.3693063937629153,98.5,2.23606797749979,66.0,1.3693063937629153
